"","text"
"1"," sirkuit mandalika bagus jg  langsung pantai gt ya  "
"2","mandalika          layak     jadwal kejuar "
"3","    petinggi formula  f memantau gelaran worldsbk indonesia   sirkuit mandalika  novem"
"4","    petinggi formula  f memantau gelaran worldsbk indonesia   sirkuit mandalika  novem"
"5","jelang motogp indonesia   sirkuit mandalika sandiaga uno temui hadi tjahjanto     "
"6","    petinggi formula  f memantau gelaran worldsbk indonesia   sirkuit mandalika  novem"
"7","    petinggi formula  f memantau gelaran worldsbk indonesia   sirkuit mandalika  novem"
"8","    petinggi formula  f memantau gelaran worldsbk indonesia   sirkuit mandalika  novem"
"9"," balapan motor tempattempat wisata   sirkuit  otomatis  magnet  pembalap kru  wisat "
"10","    petinggi formula  f memantau gelaran worldsbk indonesia   sirkuit mandalika  novem"
"11","    petinggi formula  f memantau gelaran worldsbk indonesia   sirkuit mandalika  novem"
"12","    petinggi formula  f memantau gelaran worldsbk indonesia   sirkuit mandalika  novem"
"13","    petinggi formula  f memantau gelaran worldsbk indonesia   sirkuit mandalika  novem"
"14","    petinggi formula  f memantau gelaran worldsbk indonesia   sirkuit mandalika  novem"
"15"," sirkuit mandalika  diguyur hujan     turun  menjajalnya  sepeda motor      ya"
"16","    petinggi formula  f memantau gelaran worldsbk indonesia   sirkuit mandalika  novem"
"17","    petinggi formula  f memantau gelaran worldsbk indonesia   sirkuit mandalika  novem"
"18","    petinggi formula  f memantau gelaran worldsbk indonesia   sirkuit mandalika  novem"
"19","   petinggi formula  f memantau gelaran worldsbk indonesia   sirkuit mandalika bula "
"20","  merek mobil sports car  super car   bertarung  balapan gt world challenge asia   "
"21"," ajang world superbike sukses digelar  sirkuit mandalika ntb  november  sirkuit kebanggaan indonesia   baka"
"22","jelang motogp indonesia  menteri basuki cek kesiapan sirkuit mandalika   "
"23","kejuaraan motor superbike  wsbk  sirkuit mandalika berjalan sukses menyisakan   "
"24","  sirkuit mandalika aja   itupun dibangun  "
"25"," kementerian pupr melanjutkan penataan koridor jalan bypass bandara international lombok bilmandalika   bandara"
"26"," kementerian pupr melanjutkan penataan koridor jalan bypass bandara international lombok bilmandalika   bandara"
"27"," kementerian pupr melanjutkan penataan koridor jalan bypass bandara international lombok bilmandalika   bandara"
"28"," kementerian pupr melanjutkan penataan koridor jalan bypass bandara international lombok bilmandalika   bandara"
"29"," kementerian pupr melanjutkan penataan koridor jalan bypass bandara international lombok bilmandalika   bandara"
"30","kementerian pupr melanjutkan penataan koridor jalan bypass bandara international lombok bilmandalika   "
"31","kabar gembira  pecinta motogp ditanah air sembuh  cedera marquez jajal sirkuit mandalika "
"32","pintu masuk  tribun motogp  sirkuit mandalika   bertambah  menampung  penonton  diperk "
"33","mandalika menyambut kehadiran  pebalap motogp  menjalani tes pramusim  februari   momen pent "
"34","motogp  mengaum  sirkuit mandalika  tes resmi   oebruari  "
"35"," mandalika sirkuit"
"36"," kementerian pekerjaan   perumahan rakyat pupr melanjutkan penataan koridor jalan bypass bandara international"
"37","     usut  sirkuit mandalikasampai   keterlibatan anies  sir"
"38"," oh yg  pakai  presiden jokowi  peresmian sirkuit mandalika  produk anak negeri   ker "
"39","   mandalika dihadirkan  sejuta pesona  keindahannya salah satunya "
"40","  melanjutkan penataan koridor jalan bypass bandara international lombok bilmandalika  ntb   bandar"
"41","  melanjutkan penataan koridor jalan bypass bandara international lombok bilmandalika  ntb   bandar"
"42","  melanjutkan penataan koridor jalan bypass bandara international lombok bilmandalika  ntb   bandar"
"43","  melanjutkan penataan koridor jalan bypass bandara international lombok bilmandalika  ntb   bandar"
"44","jadwal tes resmi motogp   sirkuit mandalika "
"45","    pinjam sirkuit mandalika ajalahribet ribet ribet klo ga paka "
"46"," presiden   mantan panglima tni marsekal tni purnhadi tjahjantosebagai komandan lapangan moto gpmandalika"
"47","pemirsa motogp  sirkuit mandalika  mencapai  "
"48","   sirkuit  ancol semahal   mahal   sirkuit internasional mandali "
"49","situasi terkini sirkuit mandalika"
"50","hadi tjahjanto komandan lapangan sirkuit motogp mandalika "
"51","penonton motogp   sirkuit mandalika diprediksi mencapai  ribu orang  "
"52","     usut  sirkuit mandalikasampai   keterlibatan anies  sir"
"53","    usut  sirkuit mandalikasampai   keterlibatan anies "
"54"," sirkuit mandalika"
"55","penonton motogp   sirkuit mandalika diprediksi mencapai  ribu orang "
"56"," kementerian pekerjaan   perumahan rakyat pupr melanjutkan penataan koridor jalan bypass bandara international"
"57"," kementerian pupr melanjutkan  penataan koridor jalan bypass bandara international lombok bil mandalika   ban"
"58"," kementerian pupr melanjutkan  penataan koridor jalan bypass bandara international lombok bil mandalika   ban"
"59","   ancol   venue nya formula epinter aja bego begoin masyarakat   ya   k "
"60"," kementerian pupr melanjutkan  penataan koridor jalan bypass bandara international lombok bil mandalika   ban"
"61","kementerian pupr melanjutkan  penataan koridor jalan bypass bandara international lombok bil mandalika  da "
"62"," melanjutkan penataan koridor jalan bypass bandara international lombok bilmandalika  ntb   "
"63"," menyambut pelaksanaan motogp pemerintahan presiden jokowi  kemenpupr  melanjutkan penataan koridor jalan bypas"
"64","menyambut pelaksanaan motogp pemerintahan presiden jokowi  kemenpupr  melanjutkan penataan koridor j "
"65","  udah selesai drun mandalika formula eeek  sirkuit nya goib wkkkk"
"66","bani bipang yg banggain mandalika  kejang baca   maksa bikin sirkuit   utk jd kolam lumpur dike "
"67"," kementerian pekerjaan   perumahan rakyat pupr melanjutkan penataan koridor jalan bypass bandara international"
"68"," pupr hijaukan jalan bypass bilmandalika  kementerian pupr melanjutkan penataan koridor jalan bypass bandara internation"
"69","  menjajal sirkuit mandalika sepenuhnya  dukungan produk  negeri helm jaket celanasarung tangan  sepat"
"70"," wuihhh mantap nih  kaleng marsekal hadi euy   event motogp  arena penunjang  dipersiapk"
"71","presiden   mantan panglima tni marsekal tni purnhadi tjahjantosebagai komandan lapangan moto gp "
"72"," wuihhh mantap nih  kaleng marsekal hadi euy   event motogp  arena penunjang  dipersiapk"
"73","kementerian puprmelanjutkan penataan koridor jalan bypass bandara international lombok bilmandalika  nusa ten "
"74","kementerian puprmelanjutkan penataan koridor jalan bypass bandara international lombok bilmandalika  nusa ten "
"75"," sambut ktt g pembangunan jalan  bali tiru sirkuit mandalika "
"76"," sirkuit mandalika  tolak ukur bangun infrastruktur  bali  presidensi g "
"77","  usut  sirkuit mandalika "
"78","kementerian puprmelanjutkan penataan koridor jalan bypass bandara international lombok bilmandalika  nusa ten "
"79"," niku sirkuit mandalika sisan mboten den dipindah ben ono pemasukan saking ajang balap"
"80","kementerian pekerjaan   perumahan rakyat pupr melanjutkan penataan koridor jalan bypass bandara internatio "
"81","kementerian pekerjaan   perumahan rakyat pupr melanjutkan penataan koridor jalan bypass bandara internatio "
"82","kementerian pekerjaan   perumahan rakyat pupr melanjutkan penataan koridor jalan bypass bandara internatio "
"83","kementerian pekerjaan   perumahan rakyat pupr melanjutkan penataan koridor jalan bypass bandara internatio "
"84","lihat sunset  sirkuit mandalika   tempatnya "
"85","sambut ktt g pembangunan jalan  bali tiru sirkuit mandalika "
"86","sirkuit mandalika  tolak ukur bangun infrastruktur  bali  presidensi g "
"87","kementerian pekerjaan   perumahan rakyat pupr melanjutkan penataan koridor jalan bypass bandara internatio "
"88","   bangga  diatas penderitaaan rakyat   cebong  nuraninya seupil kodok "
"89","pembangunan infrastruktur sirkuit mandalika dikebut jelang motogp by  news  arenanews  "
"90"," ajang world superbike sukses digelar  sirkuit mandalika ntb  november  sirkuit kebanggaan indonesia   baka"
"91","harga tiket motogp indonesia   sirkuit mandalika  diumumkan kapasitas tribun ditambah "
"92"," euforia   sirkuit mandalika  santer terdengar gaungnya  suara warga   kepala keluarga  dusu"
"93"," melanjutkan penataan koridor jalan bypass bandara international lombok bilmandalika  nusa tenggara ba "
"94","       gx ad yg bahas  maslahatan mo "
"95"," mandalika sirkuit kebanggaan bangsa   dijaga  citranya pasca wsbk    kejadian konyol"
"96","  ga ngerti  ga kompeten  bidang    bandingin aja ama wkt mandalika  beroperasi   yg ny"
"97","pupr hijaukan jalan bypass bilmandalika  kementerian pupr melanjutkan penataan koridor jalan bypass bandara intern "
"98","ajang world superbike sukses digelar  sirkuit mandalika ntb  november  sirkuit kebanggaan indonesia  "
"99"," ajang world superbike sukses digelar  sirkuit mandalika ntb  november  sirkuit kebanggaan indonesia   baka"
"100","ajang world superbike sukses digelar  sirkuit mandalika ntb  november  sirkuit kebanggaan indonesia  "
"101","    mandalika sirkuit kepunyaan china sentrisbung  sirkuit formula e  jakarta area"
"102","   mandalika sirkuit kepunyaan china sentrisbung  sirkuit formula e  jakart "
"103","kementrian pupr melanjutkan penataan koridor jalan bypass bandara international lombok bilmandalika  nusa teng "
"104","polda nusa tenggara barat ntb memprediksi  penonton balap motogp   sirkuit mandalika mencapai  rib "
"105","pintu masuk  tribun sirkuit mandalika bertambah   news bengkulu "
"106"," bener sis  enak aja bu doktor titip   indonesia    titip  barang berharga berguna "
"107"," wuihhh mantap nih  kaleng marsekal hadi euy   event motogp  arena penunjang  dipersiapk"
"108","jadwal motogp  marc marquez   membaik    jajal sirkuit mandalika "
"109"," selamat  tugas    hadi  sukses  sehat     "
"110"," penonton  menonton perhelatan balap motogp  diprediksi  sirkuit mandalikamencapai  ribu orang "
"111","selamat  tugas    hadi  sukses  sehat     "
"112","  mengirim foto  sirkuit mandalika lombok "
"113"," wuihhh mantap nih  kaleng marsekal hadi euy   event motogp  arena penunjang  dipersiapk"
"114"," wuihhh mantap nih  kaleng marsekal hadi euy   event motogp  arena penunjang  dipersiapk"
"115"," raih gelar juara dunia wsbk   sirkuit mandalika toprak incar posisi dovizioso  motogp "
"116"," raih gelar juara dunia wsbk   sirkuit mandalika toprak incar posisi dovizioso  motogp "
"117"," wuihhh mantap nih  kaleng marsekal hadi euy   event motogp  arena penunjang  dipersiapk"
"118"," wuihhh mantap nih  kaleng marsekal hadi euy   event motogp  arena penunjang  dipersiapk"
"119"," skuad astra honda racing team  latihan  sirkuit mandalika "
"120","skuad astra honda racing team  latihan  sirkuit mandalika   "
"121","skuad astra honda racing team  latihan  sirkuit mandalika "
"122","pembangunan infrastruktur sirkuit mandalika dikebut jelang motogp  "
"123"," sirkuit mandalika  berbenah sambut motogp  "
"124","sirkuit mandalika  berbenah sambut motogp  "
"125"," pengin tau gimana  jakpro balikinnya tu duit yg dipinjam dlm rangka formula e krn fe  sing "
"126","mandalika menyambut kehadiran  pebalap motogp  menjalani tes pramusim  februari   momen pent "
"127"," wuihhh mantap nih  kaleng marsekal hadi euy   event motogp  arena penunjang  dipersiapk"
"128"," presiden jokowi  mantan panglima tni pimpin motogp indonesia   sirkuit mandalika    marsekal purn hadi"
"129","presiden jokowi  mantan panglima tni pimpin motogp indonesia   sirkuit mandalika "
"130"," wuihhh mantap nih  kaleng marsekal hadi euy   event motogp  arena penunjang  dipersiapk"
"131"," dampak ekonomi sirkuit mandalika   trilyunbanyak  nih dampaknya "
"132"," presiden jokowi  mantan panglima tni pimpin motogp indonesia   sirkuit mandalika    marsekal purn hadi"
"133"," wuihhh mantap nih  kaleng marsekal hadi euy   event motogp  arena penunjang  dipersiapk"
"134"," wuihhh mantap nih  kaleng marsekal hadi euy   event motogp  arena penunjang  dipersiapk"
"135"," subhanallah motif sasak subahnale   sirkuit mandalika "
"136","subhanallah motif sasak subahnale   sirkuit mandalika "
"137"," wuihhh mantap nih  kaleng marsekal hadi euy   event motogp  arena penunjang  dipersiapk"
"138"," wuihhh mantap nih  kaleng marsekal hadi euy   event motogp  arena penunjang  dipersiapk"
"139"," wuihhh mantap nih  kaleng marsekal hadi euy   event motogp  arena penunjang  dipersiapk"
"140"," wuihhh mantap nih  kaleng marsekal hadi euy   event motogp  arena penunjang  dipersiapk"
"141","  jubir bkep sindir jokowi motoran  sirkuit mandalika  krisyanto yen oni andai jokowi  sibuk menelusuri link b"
"142","wuihhh mantap nih  kaleng marsekal hadi euy   event motogp  arena penunjang  dipe "
"143","  ga ngerti  ga kompeten  bidang    bandingin aja ama wkt mandalika  beroperasi   yg ny"
"144"," ngadain balap blm  sirkuit tuh contoh mandalika "
"145","pengen nyobain sirkut mandalika  sirkuit f "
"146","     pa  sdh mmbangun sirkuit internasional mandalika  nt "
"147","pembangunan infrastruktur sirkuit mandalika dikebut jelang motogp  "
"148","pembangunan infrastruktur sirkuit mandalika dikebut jelang motogp "
"149","motogp  digelar  sirkuit mandalika  maret  "
"150","    baca   twitt   biar  tau seb "
"151"," presiden jokowi  mantan panglima tni pimpin motogp indonesia   sirkuit mandalika    marsekal purn hadi"
"152","pembangunan infrastruktur sirkuit mandalika dikebut jelang motogp "
"153","  ga ngerti  ga kompeten  bidang    bandingin aja ama wkt mandalika  beroperasi   yg ny"
"154"," ak jg cape tau bang retweet mulu  kaga dapet dapet  pengen bli motor  balapan  mandalika sirkuit"
"155"," presiden jokowi  mantan panglima tni pimpin motogp indonesia   sirkuit mandalika    marsekal purn hadi"
"156","  alesan biar cepet  penyerapan anggaran tuh  zxr biar sirkuit mandalika pindah  jogja  tanggung"
"157"," presiden jokowi  mantan panglima tni pimpin motogp indonesia   sirkuit mandalika    marsekal purn hadi"
"158","presiden jokowi  mantan panglima tni pimpin motogp indonesia   sirkuit mandalika    marsekal p "
"159","   menyaksikan langsung pembalappembalap dunia berlaga   mata  negeri     sirkuit mandalika"
"160","populer otomotif kondisi repsol honda    sirkuit mandalika   tuan rumah gt world challenge asia  "
"161","   pemprov dki   pengelola ancol   adab  tgg  moral  thd "
"162"," hasil meeting    program pestisida q  distributor    achieve target min     nonton "
"163","   pembalap wsbk kecewa sirkuit mandalika kotor  licin mustofa "
"164","  ga ngerti  ga kompeten  bidang    bandingin aja ama wkt mandalika  beroperasi   yg ny"
"165","  ga ngerti  ga kompeten  bidang    bandingin aja ama wkt mandalika  beroperasi   yg ny"
"166"," pengelola hotel  gili terawangan kabupaten lombok utara ntb optimis kawasan    diramaikan wisatawan  i"
"167","    sirkuit mandalika  membawa korban  yg dikibulin "
"168","lengkap jadwal motogp  gp indonesia  sirkuit mandalika  seri  marc marquez absen "
"169"," setdah  muka  sirkuit mandalika"
"170","  ga ngerti  ga kompeten  bidang    bandingin aja ama wkt mandalika  beroperasi   yg ny"
"171","       sirkuit  beda kont "
"172","  ga ngerti  ga kompeten  bidang    bandingin aja ama wkt mandalika  beroperasi   yg ny"
"173","  ga ngerti  ga kompeten  bidang    bandingin aja ama wkt mandalika  beroperasi   yg ny"
"174","   ya bang  selesai sirkuitnya bln juni thn   sirkuit mandali "
"175"," motogp indonesia   sirkuit mandalika polisi keliling kampung gelar vaksin   "
"176"," presiden joko widodo  mantan panglima tni marsekal purn hadi tjahjanto  memimpin persiapan motogp  indonesi"
"177","  ga ngerti  ga kompeten  bidang    bandingin aja ama wkt mandalika  beroperasi   yg ny"
"178"," bentar  kadrun teriak bangga  jkw bikin sirkuit mandalika  tepi laut  pemandangan indah gu "
"179"," warga angkut bangunan  motor  mobil pick up "
"180","warga angkut bangunan  motor  mobil pick up "
"181","      sirkuit mandalika   sirkuitn "
"182"," presiden joko widodo  mantan panglima tni marsekal purn hadi tjahjanto  memimpin persiapan motogp  indonesi"
"183"," presiden joko widodo  mantan panglima tni marsekal purn hadi tjahjanto  memimpin persiapan motogp  indonesi"
"184"," presiden joko widodo  mantan panglima tni marsekal purn hadi tjahjanto  memimpin persiapan motogp  indonesi"
"185"," presiden joko widodo  mantan panglima tni marsekal purn hadi tjahjanto  memimpin persiapan motogp  indonesi"
"186"," presiden joko widodo  mantan panglima tni marsekal purn hadi tjahjanto  memimpin persiapan motogp  indonesi"
"187","  ga ngerti  ga kompeten  bidang    bandingin aja ama wkt mandalika  beroperasi   yg ny"
"188","presiden joko widodo  mantan panglima tni marsekal purn hadi tjahjanto  memimpin persiapan motogp  i "
"189","      tetiba  sirkuit mandalika dgn "
"190"," sirkuit  bawngg mandalika  sentul"
"191","  ga ngerti  ga kompeten  bidang    bandingin aja ama wkt mandalika  beroperasi   yg ny"
"192","  ga ngerti  ga kompeten  bidang    bandingin aja ama wkt mandalika  beroperasi   yg ny"
"193","  ga ngerti  ga kompeten  bidang    bandingin aja ama wkt mandalika  beroperasi   yg ny"
"194","  ga ngerti  ga kompeten  bidang    bandingin aja ama wkt mandalika  beroperasi   yg ny"
"195","  ga ngerti  ga kompeten  bidang    bandingin aja ama wkt mandalika  beroperasi   yg ny"
"196","  ga ngerti  ga kompeten  bidang    bandingin aja ama wkt mandalika  beroperasi   yg ny"
"197","  ga ngerti  ga kompeten  bidang    bandingin aja ama wkt mandalika  beroperasi   yg ny"
"198","      sirkuit mandalika   buangbuang anggaran"
"199","  ga ngerti  ga kompeten  bidang    bandingin aja ama wkt mandalika  beroperasi   yg ny"
"200","  ga ngerti  ga kompeten  bidang    bandingin aja ama wkt mandalika  beroperasi   yg ny"
"201","  ga ngerti  ga kompeten  bidang    bandingin aja ama wkt mandalika  beroperasi   yg ny"
"202","  ga ngerti  ga kompeten  bidang    bandingin aja ama wkt mandalika  beroperasi   yg ny"
"203","  ga ngerti  ga kompeten  bidang    bandingin aja ama wkt mandalika  beroperasi   yg ny"
"204","  ga ngerti  ga kompeten  bidang    bandingin aja ama wkt mandalika  beroperasi   yg ny"
"205","  ga ngerti  ga kompeten  bidang    bandingin aja ama wkt mandalika  beroperasi   yg ny"
"206","  ga ngerti  ga kompeten  bidang    bandingin aja ama wkt mandalika  beroperasi   yg ny"
"207","  ga ngerti  ga kompeten  bidang    bandingin aja ama wkt mandalika  beroperasi   yg ny"
"208","fakta unik sirkuit mandalika  via "
"209","  ga ngerti  ga kompeten  bidang    bandingin aja ama wkt mandalika  beroperasi   yg ny"
"210","  ga ngerti  ga kompeten  bidang    bandingin aja ama wkt mandalika  beroperasi   yg ny"
"211","     moto gp langsung exited  indonesia sepang notabene ka "
"212","  ga ngerti  ga kompeten  bidang    bandingin aja ama wkt mandalika  beroperasi   yg ny"
"213","  ga ngerti  ga kompeten  bidang    bandingin aja ama wkt mandalika  beroperasi   yg ny"
"214","  ga ngerti  ga kompeten  bidang    bandingin aja ama wkt mandalika  beroperasi   yg ny"
"215","     coba deh  buang anggaran  formula e yg "
"216","  ga ngerti  ga kompeten  bidang    bandingin aja ama wkt mandalika  beroperasi   yg ny"
"217","  ga ngerti  ga kompeten  bidang    bandingin aja ama wkt mandalika  beroperasi   yg ny"
"218","  ga ngerti  ga kompeten  bidang    bandingin aja ama wkt mandalika  beroperasi   yg ny"
"219","  rampung  april   "
"220","  ga ngerti  ga kompeten  bidang    bandingin aja ama wkt mandalika  beroperasi   yg ny"
"221","   nonton balapan  sirkuit mandalika   yacht "
"222","  event inter kls formula  formulaesirkuit hrs standart interapa dgn  singkat bs "
"223","  ga ngerti  ga kompeten  bidang    bandingin aja ama wkt mandalika  beroperasi   yg ny"
"224","  ga ngerti  ga kompeten  bidang    bandingin aja ama wkt mandalika  beroperasi   yg ny"
"225","  ga ngerti  ga kompeten  bidang    bandingin aja ama wkt mandalika  beroperasi   yg ny"
"226","  ga ngerti  ga kompeten  bidang    bandingin aja ama wkt mandalika  beroperasi   yg ny"
"227","  ga ngerti  ga kompeten  bidang    bandingin aja ama wkt mandalika  beroperasi   yg ny"
"228","  ga ngerti  ga kompeten  bidang    bandingin aja ama wkt mandalika  beroperasi   yg ny"
"229","  ga ngerti  ga kompeten  bidang    bandingin aja ama wkt mandalika  beroperasi   yg ny"
"230","  ga ngerti  ga kompeten  bidang    bandingin aja ama wkt mandalika  beroperasi   yg ny"
"231","  ga ngerti  ga kompeten  bidang    bandingin aja ama wkt mandalika  beroperasi   yg ny"
"232","  ga ngerti  ga kompeten  bidang    bandingin aja ama wkt mandalika  beroperasi   yg ny"
"233","  ga ngerti  ga kompeten  bidang    bandingin aja ama wkt mandalika  beroperasi   yg ny"
"234","  ga ngerti  ga kompeten  bidang    bandingin aja ama wkt mandalika  beroperasi   yg ny"
"235","  ga ngerti  ga kompeten  bidang    bandingin aja ama wkt mandalika  beroperasi   yg ny"
"236","jelang motogp  indonesia  sirkuit mandalika fakta bensin motor motogp  gak  bbm  dijual  spb "
"237","  ga ngerti  ga kompeten  bidang    bandingin aja ama wkt mandalika  beroperasi   yg ny"
"238","  ga ngerti  ga kompeten  bidang    bandingin aja ama wkt mandalika  beroperasi   yg ny"
"239","  ga ngerti  ga kompeten  bidang    bandingin aja ama wkt mandalika  beroperasi   yg ny"
"240","  ga ngerti  ga kompeten  bidang    bandingin aja ama wkt mandalika  beroperasi   yg ny"
"241","  ga ngerti  ga kompeten  bidang    bandingin aja ama wkt mandalika  beroperasi   yg ny"
"242","  ga ngerti  ga kompeten  bidang    bandingin aja ama wkt mandalika  beroperasi   yg ny"
"243","  ga ngerti  ga kompeten  bidang    bandingin aja ama wkt mandalika  beroperasi   yg ny"
"244","  ga ngerti  ga kompeten  bidang    bandingin aja ama wkt mandalika  beroperasi   yg ny"
"245","  ga ngerti  ga kompeten  bidang    bandingin aja ama wkt mandalika  beroperasi   yg ny"
"246","  ga ngerti  ga kompeten  bidang    bandingin aja ama wkt mandalika  beroperasi   yg ny"
"247","  ga ngerti  ga kompeten  bidang    bandingin aja ama wkt mandalika  beroperasi   yg ny"
"248","  ga ngerti  ga kompeten  bidang    bandingin aja ama wkt mandalika  beroperasi   yg ny"
"249","  ga ngerti  ga kompeten  bidang    bandingin aja ama wkt mandalika  beroperasi   yg ny"
"250","  ga ngerti  ga kompeten  bidang    bandingin aja ama wkt mandalika  beroperasi   yg ny"
"251","  ga ngerti  ga kompeten  bidang    bandingin aja ama wkt mandalika  beroperasi   yg ny"
"252","  ga ngerti  ga kompeten  bidang    bandingin aja ama wkt mandalika  beroperasi   yg ny"
"253"," pertamina mandalika international street circuit   tuan rumah  ajang balap internasional gt world challenge a"
"254","kementerian pekerjaan   perumahan rakyat pupr  melanjutkan penataan koridor jalan bypass bandara int "
"255"," menjura jenderal       "
"256","  ga ngerti  ga kompeten  bidang    bandingin aja ama wkt mandalika  beroperasi   yg ny"
"257","  ga ngerti  ga kompeten  bidang    bandingin aja ama wkt mandalika  beroperasi   yg ny"
"258","       sempit banget sih mikirnya  j "
"259","  ga ngerti  ga kompeten  bidang    bandingin aja ama wkt mandalika  beroperasi   yg ny"
"260","     ahli  bilang drpd nebang pohon paru kota  konsep "
"261","  ga ngerti  ga kompeten  bidang    bandingin aja ama wkt mandalika  beroperasi   yg ny"
"262","  ga ngerti  ga kompeten  bidang    bandingin aja ama wkt mandalika  beroperasi   yg ny"
"263"," ga ngerti  ga kompeten  bidang    bandingin aja ama wkt mandalika  beroperasi   "
"264"," formula e resmi digelar  in sya allah  vent tahunan yg  nilai ekonomi  masyar "
"265","   klo   digelar pertengahan   pastinya sdh  progres sirku "
"266","tekad  diusung pebalap mario suryo aji  tampil  sirkuit mandilika ajang balap moto musim   ingi "
"267","   kek  mandalika ya nonton  bukit  pepohonan  sirkuit"
"268","  nonton balapan  sirkuit mandalika   yacht "
"269","  meninggalkan tim    kuat   menemukan jalan    harap marc  "
"270"," populer otomotif kondisi repsol honda    sirkuit mandalika   tuan rumah gt world challenge asia "
"271","populer otomotif kondisi repsol honda    sirkuit mandalika   tuan rumah gt world challenge asia  "
"272"," menjura jenderal       "
"273"," menjura jenderal       "
"274","menjura jenderal       "
"275","  ngomongin  motogp nantikan kiprah diggia  gresini racing tim  kelas moto gp  sirkuit mandalika "
"276"," faktanya sirkuit mandalika  terletak  nusa tenggara barat indonesia  memiliki  tikungan  detail track s"
"277","  world superbike worldsbk  motogp sirkuit mandalika    dikabarkan masuk kalender gt world challenge"
"278","  world superbike worldsbk  motogp sirkuit mandalika    dikabarkan masuk kalender gt world challenge"
"279","  world superbike worldsbk  motogp sirkuit mandalika    dikabarkan masuk kalender gt world challenge"
"280"," world superbike worldsbk  motogp sirkuit mandalika    dikabarkan masuk kalender gt world c "
"281","  pembebasan lahan sirkuit mandalika  selsaikan "
"282","sirkuit mandalika  menyambut motogp  wsbk        "
"283","gua liat gokil  nih indonesia  sirkuit mandalika formula e  drag race"
"284","        "
"285"," repot   da sirkuit mandalika tinggal lobi dikit  mw"
"286","    faham cebong  tolol  sirkuit mandalika  sby presiden sdh  rencanak "
"287","tekad  diusung pebalap mario suryo aji  tampil  sirkuit mandilika ajang balap moto musim   ingi "
"288","  musim  pertamina mandalika international street circuit lombok   tuan rumah   kejuaraan"
"289"," ijin share kondisi  sirkuit mandalika "
"290"," musim  pertamina mandalika international street circuit lombok   tuan rumah    "
"291","sambut motogp  wsbk  sirkuit mandalika penuhihomologasi "
"292"," lombok   mantan panglima tni marsekal purn hadi tjahjanto berharap pemerintah daera "
"293","        "
"294","   bangun sirkuit  nolhahahaha pertamina mandalika sirkuit tuh pembangunan  nol t "
"295"," catatan spesial sirkuit mandalika  musim  gelar wsbk "
"296"," pertamina mandalika international street circuit   tuan rumah  ajang balap internasional gt world challenge a"
"297"," oalaah  ak liat  gugel pulai tdk berpenghuni gitu ya kalo  lombok  sirkuit sm pantai mandalika "
"298","        "
"299","catatan spesial sirkuit mandalika  musim  gelar wsbk "
"300","sirkuit mandalika  masuk  kalender balap internasional balap  tuh   "
"301","yesssssss i like it    berbau laut n pantainya sepert sirkuit mandalika  lbh mudah  panitia un "
"302","habis dipake balapan  sirkuit mandalika "
"303","  musim  pertamina mandalika international street circuit lombok   tuan rumah   kejuaraan b"
"304","  world superbike worldsbk  motogp sirkuit mandalika    dikabarkan masuk kalender gt world challenge"
"305"," world superbike worldsbk  motogp sirkuit mandalika    dikabarkan masuk kalender gt world c "
"306"," konon  legenda putri mandalika   sirkuit mandalika lombok "
"307"," sentul  sirkuit   mandalika    ngadain  ancol gubernur  pleciden  beda "
"308"," presiden jokowi  mantan panglima tni pimpin motogp indonesia   sirkuit mandalika   "
"309","sambut ajang motogp   sirkuit mandalika pemprov ntt  rp miliar  benahi infrastruktur pendukung "
"310","konon  legenda putri mandalika   sirkuit mandalika lombok "
"311","   sirkuit mandalika"
"312","  rangka menyambut event balapan motogp  world superbike  itdc  mgpa fokus meningkatkan kelengkapan penyelengg"
"313"," rangka menyambut event balapan motogp  world superbike  itdc  mgpa fokus meningkatkan kelengkapan p "
"314"," ceritanya berusaha saingin sirkuit mandalika yg deket pantai gituh  gimana"
"315","sirkuit mandalika fokus berbenah jelang motogp   "
"316","   sirkuit mandalika tuan rumah gt world challenge asia  dirut itdc tunggu pengumuman "
"317","sirkuit mandalika tuan rumah gt world challenge asia  dirut itdc tunggu pengumuman  via "
"318","sambut ajang motogp   sirkuit mandalika pemprov ntt  rp miliar  benahi infrastruktur pendukung "
"319"," musim  pertamina mandalika international street circuit lombok   tuan rumah    "
"320","  ngakakakkk "
"321","  ga    nanyain  sirkuit mandalika dibangun"
"322","pengelola hotel  gili terawangan kabupaten lombok utara ntb optimis kawasan    diramaikan wisatawa "
"323"," pertamina mandalika international street circuit   tuan rumah  ajang balap internasional gt world challenge a"
"324","sirkuit mandalika tuan rumah gt world challenge asia  dirut itdc tunggu pengumuman    via "
"325","sirkuit mandalika   tuan rumah gt world challenge asia  "
"326","presiden jokowi  mantan panglima tni pimpin motogp indonesia   sirkuit mandalika   "
"327"," pertamina mandalika international street circuit   tuan rumah  ajang balap internasional gt world challenge a"
"328","pertamina mandalika international street circuit   tuan rumah  ajang balap internasional gt world ch "
"329","jelang motogp indonesia  sirkuit mandalika honda didesak  cari pengganti marc marquez "
"330","     bangun sirkuit  nol  formula e beda  formula   dibangun "
"331","ngomong formula e indonesia   sirkuit sentul  mandalika ya    ancol ya  wisata ya c "
"332"," contohlah  mandalikatiba  sirkuit   superbike   motogp   formula one "
"333"," formula e  digelar  ancol panitia pelaksana   membangun sirkuit   balapan   digelar"
"334","formula e  digelar  ancol panitia pelaksana   membangun sirkuit   balapan  baka "
"335"," sdh cocoklah  ancol biar  yg menonton  beriburan  pantaisama   motorgp   "
"336","  breaking   gt world challenge asia resmi merilis kalender musim   sirkuit mandalika   tuan rumah pa"
"337","  sirkuit berkelas internasional mandalika  lombok nusa tenggara timur indonesia video bpk presiden jokowi   internat"
"338","   sirkuit      monas  gitu  selesai yaa dibongkar  kayak tr "
"339","   iyaa bg banjir  sirkuit mandalika kemaren  salah anies"
"340","catatan luhut  ntb  gelar motogp  sirkuit mandalika  "
"341","resmi sirkuit mandalika masuk kalender balap mobil internasional gt world challenge   "
"342","catatan luhut  ntb  gelar motogp  sirkuit mandalika "
"343","kapal pesiar  disiapkan  mendukung motogp sirkuit mandalika  "
"344"," salah  titik  sirkuit mandalika ntb   lokasi digelarnya ajang wsbk mandalika  terendam air kar"
"345","pertamina mandalika international street circuit sirkuit mandalika lombok "
"346"," batam   bangun sirkuit kayak mandalika  gak percaya    lihat aja  "
"347","maret  hadir moto gp  sirkuit mandalika sirkuit  tepi pantai dgn keindahan yg beda dgn sirkuit  dgn h "
"348"," targetnya  agustus    pengakuan fia  fim balapannya    bikin  le mans  sea"
"349","  breaking   gt world challenge asia resmi merilis kalender musim   sirkuit mandalika   tuan rumah pa"
"350"," jaket yg dipakai  jokowi wkt menjajal sirkuit mandalika adlh produksi  negeridari bandung brandnya rabbit "
"351","sirkuit mandalika masuk kalender gt world challenge "
"352"," semoga dg  sirkuit mandalika   membangkitkan semangat anak bangsa  dunia otomotif  balap motor  pembalap"
"353","  breaking   gt world challenge asia resmi merilis kalender musim   sirkuit mandalika   tuan rumah pa"
"354","   menyaksikan langsung pembalappembalap dunia berlaga   mata  negeri     sirkuit mandalika"
"355","  jokoei   saingan  anis anis dilarang pake monas dilarang  covid "
"356","  breaking   gt world challenge asia resmi merilis kalender musim   sirkuit mandalika   tuan rumah pa"
"357","  kaitannya dgn  "
"358","  breaking   gt world challenge asia resmi merilis kalender musim   sirkuit mandalika   tuan rumah pa"
"359","   udh dipasang mesinnya kayak ferrari sf  kimi klo  mesinnya   dibawa tes "
"360","  breaking   gt world challenge asia resmi merilis kalender musim   sirkuit mandalika   tuan rumah pa"
"361","pengajuan anggarannya   usulkan  kementerian  lembaga konsolidasinya   lakukan cuman untu "
"362","sirkuit mandalika tuan rumah gt world challenge asia "
"363","siapkah sirkuit mandalika gelar motogp  simak syarat   dipenuhi "
"364","  breaking   gt world challenge asia resmi merilis kalender musim   sirkuit mandalika   tuan rumah pa"
"365","  breaking   gt world challenge asia resmi merilis kalender musim   sirkuit mandalika   tuan rumah pa"
"366","  breaking   gt world challenge asia resmi merilis kalender musim   sirkuit mandalika   tuan rumah pa"
"367","  breaking   gt world challenge asia resmi merilis kalender musim   sirkuit mandalika   tuan rumah pa"
"368","  breaking   gt world challenge asia resmi merilis kalender musim   sirkuit mandalika   tuan rumah pa"
"369","   mampir  sirkuit mandalika   oktober    "
"370","sirkuit mandalika tuan rumah gt world challenge asia  "
"371","  mampir  sirkuit mandalika   oktober    "
"372","warga  tinggal   sirkuit mandalika  pindah jelang motogp indonesia    "
"373","semoga   melahirkan pembalappembalap profesional  menumbuhkan bengkelbengkel  berkualitas  bi "
"374","  breaking   gt world challenge asia resmi merilis kalender musim   sirkuit mandalika   tuan rumah pa"
"375","  breaking   gt world challenge asia resmi merilis kalender musim   sirkuit mandalika   tuan rumah pa"
"376"," ga heran sirkuit mandalika yg  gadang anti banjir pas even  gelar  jdi  ujan ujanan bul "
"377","  breaking   gt world challenge asia resmi merilis kalender musim   sirkuit mandalika   tuan rumah pa"
"378","  breaking   gt world challenge asia resmi merilis kalender musim   sirkuit mandalika   tuan rumah pa"
"379","  breaking   gt world challenge asia resmi merilis kalender musim   sirkuit mandalika   tuan rumah pa"
"380"," breaking   gt world challenge asia resmi merilis kalender musim   sirkuit mandalika   tuan ru "
"381"," targetnya  agustus    pengakuan fia  fim balapannya    bikin  le mans  sea"
"382","imi ntb siapkan  event  sirkuit mandalika "
"383","        "
"384","sirkuit mandalika   titik tribun penonton   "
"385"," targetnya  agustus    pengakuan fia  fim balapannya    bikin  le mans  sea"
"386","diamdiam petinggi f menonton wsbk  sirkuit mandalika    "
"387"," targetnya  agustus    pengakuan fia  fim balapannya    bikin  le mans  sea"
"388"," wow sirkuit mandalika  grandstand penonton jelang motogp indonesia  "
"389"," targetnya  agustus    pengakuan fia  fim balapannya    bikin  le mans  sea"
"390"," targetnya  agustus    pengakuan fia  fim balapannya    bikin  le mans  sea"
"391","wow sirkuit mandalika  grandstand penonton jelang motogp indonesia  "
"392"," targetnya  agustus    pengakuan fia  fim balapannya    bikin  le mans  sea"
"393"," targetnya  agustus    pengakuan fia  fim balapannya    bikin  le mans  sea"
"394"," sirkuit mandalika    skan  gelar  sirkuit formula e  penuh lubang buaya  menyer "
"395","selamat  captain   wakil captain   periode     berharapan "
"396"," targetnya  agustus    pengakuan fia  fim balapannya    bikin  le mans  sea"
"397","   menyaksikan langsung pembalappembalap dunia berlaga   mata  negeri     sirkuit mandalika"
"398"," targetnya  agustus    pengakuan fia  fim balapannya    bikin  le mans  sea"
"399"," targetnya  agustus    pengakuan fia  fim balapannya    bikin  le mans  sea"
"400"," targetnya  agustus    pengakuan fia  fim balapannya    bikin  le mans  sea"
"401","warga    lahan  sirkuit mandalika pujut lombok  ntb  pindah    pemili "
"402"," targetnya  agustus    pengakuan fia  fim balapannya    bikin  le mans  sea"
"403"," sirkuit mandalika tergenang pemprov ntb janji benahi drainase "
"404"," targetnya  agustus    pengakuan fia  fim balapannya    bikin  le mans  sea"
"405"," targetnya  agustus    pengakuan fia  fim balapannya    bikin  le mans  sea"
"406","  sih   mutusin lokasi formula e udeh pinjam aja tuh sirkuit kolam  mandalika "
"407"," targetnya  agustus    pengakuan fia  fim balapannya    bikin  le mans  sea"
"408"," targetnya  agustus    pengakuan fia  fim balapannya    bikin  le mans  sea"
"409","    sirkuit mandalika yg  viral ya vidio lucu  kusus  anis yg kenak prenk "
"410"," targetnya  agustus    pengakuan fia  fim balapannya    bikin  le mans  sea"
"411"," targetnya  agustus    pengakuan fia  fim balapannya    bikin  le mans  sea"
"412"," targetnya  agustus    pengakuan fia  fim balapannya    bikin  le mans  sea"
"413"," targetnya  agustus    pengakuan fia  fim balapannya    bikin  le mans  sea"
"414"," targetnya  agustus    pengakuan fia  fim balapannya    bikin  le mans  sea"
"415"," targetnya  agustus    pengakuan fia  fim balapannya    bikin  le mans  sea"
"416"," targetnya  agustus    pengakuan fia  fim balapannya    bikin  le mans  sea"
"417"," targetnya  agustus    pengakuan fia  fim balapannya    bikin  le mans  sea"
"418"," targetnya  agustus    pengakuan fia  fim balapannya    bikin  le mans  sea"
"419"," targetnya  agustus    pengakuan fia  fim balapannya    bikin  le mans  sea"
"420"," targetnya  agustus    pengakuan fia  fim balapannya    bikin  le mans  sea"
"421"," targetnya  agustus    pengakuan fia  fim balapannya    bikin  le mans  sea"
"422","sirkuit mandalika   tuan rumah  tiket motogp indonesia  dijual "
"423"," targetnya  agustus    pengakuan fia  fim balapannya    bikin  le mans  sea"
"424"," targetnya  agustus    pengakuan fia  fim balapannya    bikin  le mans  sea"
"425","  btw    banget ya kayak sirkuit mandalika   besarkan  anak "
"426"," targetnya  agustus    pengakuan fia  fim balapannya    bikin  le mans  sea"
"427"," aing  cosplay  duta sirkuit mandalika  kudu rapih put"
"428","       dibebaskan   ditangk "
"429"," targetnya  agustus    pengakuan fia  fim balapannya    bikin  le mans  sea"
"430","  kalo sirkuit mandalika noh hebatsirkuitnya   utk berenangmancingselancar airdll "
"431"," targetnya  agustus    pengakuan fia  fim balapannya    bikin  le mans  sea"
"432","    jokowi ahli bawa traktor tanam cabe hujanan pembalap  sirkuit mandalika derma "
"433"," targetnya  agustus    pengakuan fia  fim balapannya    bikin  le mans  sea"
"434"," targetnya  agustus    pengakuan fia  fim balapannya    bikin  le mans  sea"
"435"," targetnya  agustus    pengakuan fia  fim balapannya    bikin  le mans  sea"
"436"," targetnya  agustus    pengakuan fia  fim balapannya    bikin  le mans  sea"
"437"," targetnya  agustus    pengakuan fia  fim balapannya    bikin  le mans  sea"
"438"," targetnya  agustus    pengakuan fia  fim balapannya    bikin  le mans  sea"
"439"," targetnya  agustus    pengakuan fia  fim balapannya    bikin  le mans  sea"
"440"," baca nih wartawan sontoloyo  "
"441"," targetnya  agustus    pengakuan fia  fim balapannya    bikin  le mans  sea"
"442","warga  tinggal  lahan kawasan sirkuit mandalika  pindah  "
"443"," targetnya  agustus    pengakuan fia  fim balapannya    bikin  le mans  sea"
"444"," targetnya  agustus    pengakuan fia  fim balapannya    bikin  le mans  sea"
"445","mgpa  umumkan harga tiket motogp indonesia   sirkuit mandalika   "
"446"," targetnya  agustus    pengakuan fia  fim balapannya    bikin  le mans  sea"
"447"," targetnya  agustus    pengakuan fia  fim balapannya    bikin  le mans  sea"
"448"," targetnya  agustus    pengakuan fia  fim balapannya    bikin  le mans  sea"
"449","lek enek  dijalani sek ae wes tenan kui nko ending e mesti ra karu karuan    poto ng sirkuit mandalika "
"450","jadwal motogp  terbaru gp indonesia  sirkuit mandalika digelar  musim  via "
"451"," mandalika  bagus gimana  blm   sirkuit internasional yg bikin kru kerja keras nyer "
"452"," targetnya  agustus    pengakuan fia  fim balapannya    bikin  le mans  sea"
"453"," targetnya  agustus    pengakuan fia  fim balapannya    bikin  le mans  sea"
"454"," targetnya  agustus    pengakuan fia  fim balapannya    bikin  le mans  sea"
"455"," targetnya  agustus    pengakuan fia  fim balapannya    bikin  le mans  sea"
"456"," targetnya  agustus    pengakuan fia  fim balapannya    bikin  le mans  sea"
"457"," targetnya  agustus    pengakuan fia  fim balapannya    bikin  le mans  sea"
"458"," targetnya  agustus    pengakuan fia  fim balapannya    bikin  le mans  sea"
"459"," targetnya  agustus    pengakuan fia  fim balapannya    bikin  le mans  sea"
"460"," targetnya  agustus    pengakuan fia  fim balapannya    bikin  le mans  sea"
"461"," targetnya  agustus    pengakuan fia  fim balapannya    bikin  le mans  sea"
"462"," targetnya  agustus    pengakuan fia  fim balapannya    bikin  le mans  sea"
"463"," targetnya  agustus    pengakuan fia  fim balapannya    bikin  le mans  sea"
"464"," targetnya  agustus    pengakuan fia  fim balapannya    bikin  le mans  sea"
"465"," targetnya  agustus    pengakuan fia  fim balapannya    bikin  le mans  sea"
"466"," targetnya  agustus    pengakuan fia  fim balapannya    bikin  le mans  sea"
"467"," targetnya  agustus    pengakuan fia  fim balapannya    bikin  le mans  sea"
"468"," targetnya  agustus    pengakuan fia  fim balapannya    bikin  le mans  sea"
"469"," targetnya  agustus    pengakuan fia  fim balapannya    bikin  le mans  sea"
"470"," targetnya  agustus    pengakuan fia  fim balapannya    bikin  le mans  sea"
"471"," targetnya  agustus    pengakuan fia  fim balapannya    bikin  le mans  sea"
"472"," targetnya  agustus    pengakuan fia  fim balapannya    bikin  le mans  sea"
"473"," targetnya  agustus    pengakuan fia  fim balapannya    bikin  le mans  sea"
"474"," targetnya  agustus    pengakuan fia  fim balapannya    bikin  le mans  sea"
"475"," targetnya  agustus    pengakuan fia  fim balapannya    bikin  le mans  sea"
"476"," targetnya  agustus    pengakuan fia  fim balapannya    bikin  le mans  sea"
"477"," targetnya  agustus    pengakuan fia  fim balapannya    bikin  le mans  sea"
"478"," targetnya  agustus    pengakuan fia  fim balapannya    bikin  le mans  sea"
"479","bos ducati  sabaran tes motornya  mandalika sirkuit   "
"480"," targetnya  agustus    pengakuan fia  fim balapannya    bikin  le mans  sea"
"481"," targetnya  agustus    pengakuan fia  fim balapannya    bikin  le mans  sea"
"482"," targetnya  agustus    pengakuan fia  fim balapannya    bikin  le mans  sea"
"483"," targetnya  agustus    pengakuan fia  fim balapannya    bikin  le mans  sea"
"484"," targetnya  agustus    pengakuan fia  fim balapannya    bikin  le mans  sea"
"485"," targetnya  agustus    pengakuan fia  fim balapannya    bikin  le mans  sea"
"486"," targetnya  agustus    pengakuan fia  fim balapannya    bikin  le mans  sea"
"487"," targetnya  agustus    pengakuan fia  fim balapannya    bikin  le mans  sea"
"488"," targetnya  agustus    pengakuan fia  fim balapannya    bikin  le mans  sea"
"489"," targetnya  agustus    pengakuan fia  fim balapannya    bikin  le mans  sea"
"490"," targetnya  agustus    pengakuan fia  fim balapannya    bikin  le mans  sea"
"491"," targetnya  agustus    pengakuan fia  fim balapannya    bikin  le mans  sea"
"492"," targetnya  agustus    pengakuan fia  fim balapannya    bikin  le mans  sea"
"493"," targetnya  agustus    pengakuan fia  fim balapannya    bikin  le mans  sea"
"494"," targetnya  agustus    pengakuan fia  fim balapannya    bikin  le mans  sea"
"495"," targetnya  agustus    pengakuan fia  fim balapannya    bikin  le mans  sea"
"496"," targetnya  agustus    pengakuan fia  fim balapannya    bikin  le mans  sea"
"497"," targetnya  agustus    pengakuan fia  fim balapannya    bikin  le mans  sea"
"498","  pembalap   merasakan  ngarit  tengahtengah sirkuit mandalika lombok indones"
"499"," targetnya  agustus    pengakuan fia  fim balapannya    bikin  le mans  sea"
"500"," targetnya  agustus    pengakuan fia  fim balapannya    bikin  le mans  sea"
"501"," targetnya  agustus    pengakuan fia  fim balapannya    bikin  le mans  sea"
"502"," targetnya  agustus    pengakuan fia  fim balapannya    bikin  le mans  sea"
"503"," targetnya  agustus    pengakuan fia  fim balapannya    bikin  le mans  sea"
"504"," targetnya  agustus    pengakuan fia  fim balapannya    bikin  le mans  sea"
"505"," targetnya  agustus    pengakuan fia  fim balapannya    bikin  le mans  sea"
"506"," targetnya  agustus    pengakuan fia  fim balapannya    bikin  le mans  sea"
"507"," targetnya  agustus    pengakuan fia  fim balapannya    bikin  le mans  sea"
"508","targetnya  agustus    pengakuan fia  fim balapannya    bikin  le mans a "
"509","kandidat kuat calon pemenang super bike  sirkuit mandalika     "
"510","daftar  pembalap   gelut  sirkuit mandalika     "
"511","  tau produk bomag  ya   menyukseskan pembangunan sirkuit mandalika   kolom komentar "
"512","sobat ut  tau  aspal    sirkuit mandalika dipadatkan  bomag pneumatic tired r "
"513","  mandalika grand prix association mgpa  berbenah  menyambut balapan motogp   indonesia "
"514"," indonesia  tuan rumah pasa ajang balap motor bergengsi rider papan   world superbike wsbk  sirkuit man"
"515","berita motogp jelang gp indonesia  sirkuit mandalika  rider muda putus dominasi marc marquez "
"516"," bandingkan dg commitment fee balap tamiya mencapai rp  t  bergengsi   balap  mandalika  mengan"
"517"," baca nih wartawan sontoloyo  "
"518"," halo     salam  tuan rumah motogp  nih  eits    sirkuit kelas internasio"
"519","sambut event  sirkuit mandalika agen travel  homestay siapkan paket wisata "
"520","sambut event  sirkuit mandalika agen travel  homestay siapkan paket wisata  "
"521"," baca nih wartawan sontoloyo  "
"522"," baca nih wartawan sontoloyo  "
"523"," bandingkan dg commitment fee balap tamiya mencapai rp  t  bergengsi   balap  mandalika  mengan"
"524"," bandingkan dg commitment fee balap tamiya mencapai rp  t  bergengsi   balap  mandalika  mengan"
"525","bandingkan dg commitment fee balap tamiya mencapai rp  t  bergengsi   balap  mandalika  me "
"526","  sejatinya org yg  mjd presiden  mrk yg  berpikir scr nasionalapapun yg  utk kep"
"527","sambut balapan  sirkuit mandalika mgpa  rilis harga tiket motogp indonesia  "
"528","grand prix indonesia  motogp   surga lombok  informasi praktis  berguna  acara   acarany "
"529","   menyaksikan langsung pembalappembalap dunia berlaga   mata  negeri     sirkuit mandalika"
"530"," baca nih wartawan sontoloyo  "
"531"," baca nih wartawan sontoloyo  "
"532"," baca nih wartawan sontoloyo  "
"533","  takut proyek balap f pindah  indonesia  indonesia   sirkuit mandalika y "
"534"," baca nih wartawan sontoloyo  "
"535","  memangnya motogp sdh dilaksanakan  mandalika ya om  mengkritisi  tp mbok ya   kuran"
"536"," baca nih wartawan sontoloyo  "
"537","  presiden ku tercinta berilah sy kerja  sirkuit mandalika "
"538","halo  presiden  jumat  meresmikan jalan bypass bandara international lombok bil  "
"539","  memangnya motogp sdh dilaksanakan  mandalika ya om  mengkritisi  tp mbok ya   kuran"
"540","  memangnya motogp sdh dilaksanakan  mandalika ya om  mengkritisi  tp mbok ya   kuran"
"541","kartu   maksudnya  sirkuit mandalika esemka "
"542"," baca nih wartawan sontoloyo  "
"543"," baca nih wartawan sontoloyo  "
"544"," baca nih wartawan sontoloyo  "
"545"," baca nih wartawan sontoloyo  "
"546","  pagi   meninggalkan jakarta  nusa tenggara barat     meninjau  meresmikan sirkui"
"547"," bersamaan  sirkuit mandalika   meresmikan jalan bypass   kilometer  menghubungkan bandara inter"
"548"," ajangajang balap kelas dunia   digelar  sirkuit mandalika      resmikan  lombok  ntb sirkui"
"549"," sirkuit mandalika  diguyur hujan     turun  menjajalnya  sepeda motor      ya"
"550"," ajangajang balap kelas dunia   digelar  sirkuit mandalika lombok  ntb kemarin  meresmikan sirkuit sepa"
"551","  menjajal sirkuit mandalika sepenuhnya  dukungan produk  negeri helm jaket celanasarung tangan  sepat"
"552"," baca nih wartawan sontoloyo  "
"553"," baca nih wartawan sontoloyo  "
"554"," baca nih wartawan sontoloyo  "
"555","   menyaksikan langsung pembalappembalap dunia berlaga   mata  negeri     sirkuit mandalika"
"556"," baca nih wartawan sontoloyo  "
"557"," baca nih wartawan sontoloyo  "
"558","jelang motogp  pengelola sirkuit mandalika  rencana peningkatan fasilitas balap  "
"559"," baca nih wartawan sontoloyo  "
"560"," baca nih wartawan sontoloyo  "
"561"," ketikannya blepotan  mending sblm klik tombol tweet dibaca     trus edit ejaannya "
"562","  dampak ekonomi yg  hasilkan dr sirkuit mandalika krn mmg  bangun dg perencanaan jangka pjg bkn  sekedar pencit"
"563"," baca nih wartawan sontoloyo  "
"564"," jelang motogp indonesia  pengelola sirkuit mandalika fokus      "
"565"," baca nih wartawan sontoloyo  "
"566"," baca nih wartawan sontoloyo  "
"567","  sukses menggelar final world superbike sbk sirkuit mandalika   dibenahi  menyambut gelaran motogp"
"568","  memangnya motogp sdh dilaksanakan  mandalika ya om  mengkritisi  tp mbok ya   kuran"
"569"," baca nih wartawan sontoloyo  "
"570"," baca nih wartawan sontoloyo  "
"571"," baca nih wartawan sontoloyo  "
"572"," baca nih wartawan sontoloyo  "
"573","  sukses menggelar final world superbike sbk sirkuit mandalika   dibenahi  menyambut gelaran motogp"
"574"," sukses menggelar final world superbike sbk sirkuit mandalika   dibenahi  menyambut gelar "
"575"," baca nih wartawan sontoloyo  "
"576"," baca nih wartawan sontoloyo  "
"577"," baca nih wartawan sontoloyo  "
"578"," baca nih wartawan sontoloyo  "
"579","antisipasi lonjakan penonton  "
"580","  memangnya motogp sdh dilaksanakan  mandalika ya om  mengkritisi  tp mbok ya   kuran"
"581"," baca nih wartawan sontoloyo  "
"582"," baca nih wartawan sontoloyo  "
"583","  memangnya motogp sdh dilaksanakan  mandalika ya om  mengkritisi  tp mbok ya   kuran"
"584"," baca nih wartawan sontoloyo  "
"585"," baca nih wartawan sontoloyo  "
"586"," baca nih wartawan sontoloyo  "
"587"," baca nih wartawan sontoloyo  "
"588","jelang motogp  pengelola sirkuit mandalika  rencana peningkatan fasilitas balap  "
"589"," baca nih wartawan sontoloyo  "
"590"," baca nih wartawan sontoloyo  "
"591","kualitas sirkuit mandalika diakui pembalap  kru tim worldsbk  "
"592"," baca nih wartawan sontoloyo  "
"593","   salah  foto terbaik    pameran   foto  presiden    mengendarai sep"
"594","    kajian  sirkuit fe gk  pembuatan sirkuit fe jg gk la "
"595"," baca nih wartawan sontoloyo  "
"596"," halo     salam  tuan rumah motogp  nih  eits    sirkuit kelas internasio"
"597","halo     salam  tuan rumah motogp  nih  eits    sirkuit kelas inter "
"598"," baca nih wartawan sontoloyo  "
"599","jadwal tes motogp   sirkuit mandalika indonesia ducati kejar gelar  hilang   "
"600","sandiaga uno favoritkan foto presiden jokowi  motor  sirkuit mandalika memiliki makna   "
"601"," baca nih wartawan sontoloyo  "
"602"," baca nih wartawan sontoloyo  "
"603"," baca nih wartawan sontoloyo  "
"604"," baca nih wartawan sontoloyo  "
"605"," baca nih wartawan sontoloyo  "
"606"," baca nih wartawan sontoloyo  "
"607"," baca nih wartawan sontoloyo  "
"608"," baca nih wartawan sontoloyo  "
"609"," baca nih wartawan sontoloyo  "
"610","  memangnya motogp sdh dilaksanakan  mandalika ya om  mengkritisi  tp mbok ya   kuran"
"611","     ya ampuunm ebong lo  formula e  pake si "
"612"," baca nih wartawan sontoloyo  "
"613"," sirkuit mandalika   dampak ekonomi  langsung   langsung  penerimaan "
"614"," baca nih wartawan sontoloyo  "
"615"," baca nih wartawan sontoloyo  "
"616"," baca nih wartawan sontoloyo  "
"617"," baca nih wartawan sontoloyo  "
"618"," baca nih wartawan sontoloyo  "
"619","baca nih wartawan sontoloyo   "
"620"," persiapan event internasional  terancam  optimal  kurangnya likuiditas itdc akibat pandemi covid   htt"
"621"," persiapan event internasional  terancam  optimal  kurangnya likuiditas itdc akibat pandemi covid   htt"
"622"," persiapan event internasional  terancam  optimal  kurangnya likuiditas itdc akibat pandemi covid   htt"
"623"," persiapan event internasional  terancam  optimal  kurangnya likuiditas itdc akibat pandemi covid   htt"
"624"," persiapan event internasional  terancam  optimal  kurangnya likuiditas itdc akibat pandemi covid   htt"
"625"," tatap motogp  wsbk  sirkuit mandalika kejar homologasi "
"626"," persiapan event internasional  terancam  optimal  kurangnya likuiditas itdc akibat pandemi covid   htt"
"627"," persiapan event internasional  terancam  optimal  kurangnya likuiditas itdc akibat pandemi covid   htt"
"628"," persiapan event internasional  terancam  optimal  kurangnya likuiditas itdc akibat pandemi covid   htt"
"629"," persiapan event internasional  terancam  optimal  kurangnya likuiditas itdc akibat pandemi covid   htt"
"630"," persiapan event internasional  terancam  optimal  kurangnya likuiditas itdc akibat pandemi covid   htt"
"631","sandiaga uno favoritkan foto presiden jokowi  motor  sirkuit mandalika memiliki makna   "
"632","beruntung banget fans persija  nonton  pekan tim kesayangan main  jis   seiri  bersyukur "
"633","  dampak ekonomi yg  hasilkan dr sirkuit mandalika krn mmg  bangun dg perencanaan jangka pjg bkn  sekedar pencit"
"634","jelang event motogp   sarana  prasarana sirkuit mandalika  dikebut pengerjaannya "
"635"," bukti kepercayaan dorna sports  kesiapan sirkuit pertamina mandalika "
"636","sambut balapan  sirkuit mandalika mgpa  rilis harga tiket motogp indonesia   "
"637","sambut balapan  sirkuit mandalika mgpa  rilis harga tiket motogp indonesia   "
"638","  suruh  pelototi jl bypass  sirkuit mandalika yg   diresmikan  jokowi "
"639","  dampak ekonomi yg  hasilkan dr sirkuit mandalika krn mmg  bangun dg perencanaan jangka pjg bkn  sekedar pencit"
"640","  memangnya motogp sdh dilaksanakan  mandalika ya om  mengkritisi  tp mbok ya   kuran"
"641","  memangnya motogp sdh dilaksanakan  mandalika ya om  mengkritisi  tp mbok ya   kuran"
"642"," millennials  kepergok mencopet penonton wsbk  sirkuit mandalika rekam jejak ayahibuanak kriminal  unik  ter"
"643"," suruh  pelototi jl bypass  sirkuit mandalika yg   diresmikan  jokowi "
"644","lapor  presiden  akses sirkuit mandalika  bandara dirusak warga yg laganya  diganti rugi laporan selesai"
"645"," persiapan event internasional  terancam  optimal  kurangnya likuiditas itdc akibat pandemi covid   htt"
"646","jelang motogp   upgrade sirkuit mandalika "
"647","jelang motogp indonesia  pengelola sirkuit mandalika fokus      "
"648","   semoga fasilitas utama  pendukung sirkuit mandalika selesai disempurnakandan "
"649","kelengkapan sarana  mandalika  ditingkatkan "
"650","  memangnya motogp sdh dilaksanakan  mandalika ya om  mengkritisi  tp mbok ya   kuran"
"651"," alhamdulillah semoga   lg dampak ekonomi  pembangunan sirkuit mandalika  lombok"
"652","  memangnya motogp sdh dilaksanakan  mandalika ya om  mengkritisi  tp mbok ya   kuran"
"653","  dikoreksi    salah   thn  sirkuit mandalika msh pemadatan tanah mbambang kaco  "
"654","situasi terkini sirkuit mandalika"
"655","         sirkuit mandalika  ga "
"656","   menyaksikan langsung pembalappembalap dunia berlaga   mata  negeri     sirkuit mandalika"
"657"," memangnya motogp sdh dilaksanakan  mandalika ya om  mengkritisi  tp mbok ya   "
"658"," sdh sebulan gak liat twetnya gw kirain habis ngasah ilmu    ogeb mending diam  "
"659","bos ducati  tes pramusim  sirkuit mandalika  faktor  jelang motogp   "
"660","  pembalap   merasakan  ngarit  tengahtengah sirkuit mandalika lombok indones"
"661","warga tembilahan  bawa motor kek   sirkuit mandalika njir"
"662","  dampak ekonomi yg  hasilkan dr sirkuit mandalika krn mmg  bangun dg perencanaan jangka pjg bkn  sekedar pencit"
"663","  dampak ekonomi yg  hasilkan dr sirkuit mandalika krn mmg  bangun dg perencanaan jangka pjg bkn  sekedar pencit"
"664","  bilang kalo jakpro  pake sirkuit mandalika "
"665"," jam misi menghasut  pergi  lombok  liat gili trawangan  sirkuit mandalika   udah kaya ambassa "
"666","  sejatinya org yg  mjd presiden  mrk yg  berpikir scr nasionalapapun yg  utk kep"
"667","  dampak ekonomi yg  hasilkan dr sirkuit mandalika krn mmg  bangun dg perencanaan jangka pjg bkn  sekedar pencit"
"668","  salah  foto terbaik    pameran   foto  presiden    menge "
"669","  dampak ekonomi yg  hasilkan dr sirkuit mandalika krn mmg  bangun dg perencanaan jangka pjg bkn  sekedar pencit"
"670","  dampak ekonomi yg  hasilkan dr sirkuit mandalika krn mmg  bangun dg perencanaan jangka pjg bkn  sekedar pencit"
"671","  dampak ekonomi yg  hasilkan dr sirkuit mandalika krn mmg  bangun dg perencanaan jangka pjg bkn  sekedar pencit"
"672","  dampak ekonomi yg  hasilkan dr sirkuit mandalika krn mmg  bangun dg perencanaan jangka pjg bkn  sekedar pencit"
"673"," world superbike wsbk sirkuit mandalika  menggelar ajang motogp       "
"674"," sirkuit mandalika  berbenah penuhi syarat homologasi motogp "
"675","  dampak ekonomi yg  hasilkan dr sirkuit mandalika krn mmg  bangun dg perencanaan jangka pjg bkn  sekedar pencit"
"676","  dampak ekonomi yg  hasilkan dr sirkuit mandalika krn mmg  bangun dg perencanaan jangka pjg bkn  sekedar pencit"
"677","  dampak ekonomi yg  hasilkan dr sirkuit mandalika krn mmg  bangun dg perencanaan jangka pjg bkn  sekedar pencit"
"678","  dampak ekonomi yg  hasilkan dr sirkuit mandalika krn mmg  bangun dg perencanaan jangka pjg bkn  sekedar pencit"
"679","  dampak ekonomi yg  hasilkan dr sirkuit mandalika krn mmg  bangun dg perencanaan jangka pjg bkn  sekedar pencit"
"680"," alhamdulillah semoga   lg dampak ekonomi  pembangunan sirkuit mandalika  lombok"
"681","  dampak ekonomi yg  hasilkan dr sirkuit mandalika krn mmg  bangun dg perencanaan jangka pjg bkn  sekedar pencit"
"682","sirkuit mandalika  berbenah  penuhi syarat homologasi motogp by  news  arenanews "
"683","sirkuit mandalika  berbenah  penuhi syarat homologasi motogp by  news  arenanews "
"684","  dampak ekonomi yg  hasilkan dr sirkuit mandalika krn mmg  bangun dg perencanaan jangka pjg bkn  sekedar pencit"
"685","  semoga gak  komoditas politik ya    kalimat  lambat digelar  "
"686"," alhamdulillah semoga   lg dampak ekonomi  pembangunan sirkuit mandalika  lombok"
"687","  dampak ekonomi yg  hasilkan dr sirkuit mandalika krn mmg  bangun dg perencanaan jangka pjg bkn  sekedar pencit"
"688","  dampak ekonomi yg  hasilkan dr sirkuit mandalika krn mmg  bangun dg perencanaan jangka pjg bkn  sekedar pencit"
"689","  dampak ekonomi yg  hasilkan dr sirkuit mandalika krn mmg  bangun dg perencanaan jangka pjg bkn  sekedar pencit"
"690","  hidup cebong   kunjung bayar lahan kawasan sirkuit mandalika dipagari pohon  wa "
"691","  dampak ekonomi yg  hasilkan dr sirkuit mandalika krn mmg  bangun dg perencanaan jangka pjg bkn  sekedar pencit"
"692","  dampak ekonomi yg  hasilkan dr sirkuit mandalika krn mmg  bangun dg perencanaan jangka pjg bkn  sekedar pencit"
"693","  dampak ekonomi yg  hasilkan dr sirkuit mandalika krn mmg  bangun dg perencanaan jangka pjg bkn  sekedar pencit"
"694","  dampak ekonomi yg  hasilkan dr sirkuit mandalika krn mmg  bangun dg perencanaan jangka pjg bkn  sekedar pencit"
"695","  dampak ekonomi yg  hasilkan dr sirkuit mandalika krn mmg  bangun dg perencanaan jangka pjg bkn  sekedar pencit"
"696","  dampak ekonomi yg  hasilkan dr sirkuit mandalika krn mmg  bangun dg perencanaan jangka pjg bkn  sekedar pencit"
"697"," dampak ekonomi yg  hasilkan dr sirkuit mandalika krn mmg  bangun dg perencanaan jangka pjg bkn  seke "
"698"," alhamdulillah semoga   lg dampak ekonomi  pembangunan sirkuit mandalika  lombok"
"699"," alhamdulillah semoga   lg dampak ekonomi  pembangunan sirkuit mandalika  lombok"
"700","alhamdulillah semoga   lg dampak ekonomi  pembangunan sirkuit mandalika  lombok "
"701"," mandalika sirkuit kebanggaan bangsa   dijaga  citranya pasca wsbk    kejadian konyol"
"702"," selamat pagi happy halloween   yg keep schedule expolombok mandalika  sirkuit kebanggaan  mandalika"
"703"," selamat pagi happy halloween   yg keep schedule expolombok mandalika  sirkuit kebanggaan  mandalika"
"704"," selamat pagi happy halloween   yg keep schedule expolombok mandalika  sirkuit kebanggaan  mandalika"
"705"," selamat pagi happy halloween   yg keep schedule expolombok mandalika  sirkuit kebanggaan  mandalika"
"706"," selamat pagi happy halloween   yg keep schedule expolombok mandalika  sirkuit kebanggaan  mandalika"
"707"," selamat pagi happy halloween   yg keep schedule expolombok mandalika  sirkuit kebanggaan  mandalika"
"708"," selamat pagi happy halloween   yg keep schedule expolombok mandalika  sirkuit kebanggaan  mandalika"
"709"," sejatinya org yg  mjd presiden  mrk yg  berpikir scr nasionalapapun yg  utk "
"710"," kejadian mistis  sirkuit mandalika "
"711","  sirkuit mandalika mangkraksebutkan dimana mangkraknya  "
"712","  skr liat sirkuit mandalika nasibnya jdi  sirkuit mangkrak"
"713","bikin pebalap puas sirkuit mandalika dibilang  jerez  assen "
"714","itdc tingkatkan kelengkapan penyelenggaraan balapan  sarana  prasarana pendukung pertamina mandalika intern "
"715","jelang motogp  itdc perbaiki saluran drainase sirkuit mandalika  "
"716","  gelar motogp   mandalika kebut kelengkapan sirkuit "
"717","   menyaksikan langsung pembalappembalap dunia berlaga   mata  negeri     sirkuit mandalika"
"718"," gelar motogp   mandalika kebut kelengkapan sirkuit "
"719","            ruang promosi  produkproduk umkm  sirkuit"
"720","   menyaksikan langsung pembalappembalap dunia berlaga   mata  negeri     sirkuit mandalika"
"721","formula k    kadrun bertemu      tdk  bentuknya    dijadikan sirk "
"722","peningkatan kelengkapan penyelenggaraan balapan    memenuhi syarat homologasi penyelenggar "
"723","    plus  sirkuit mandalika"
"724","  oh  bermasalah  pembebasan lahan tanah  kejadian  sirkuit mandalika "
"725","   sirkuit fe   min  numpang  tmpt   mandalika lombok"
"726","  semoga gak  komoditas politik ya    kalimat  lambat digelar  "
"727"," november  pembalap pata yamaha toprak razgatlioglu menuai sensasi  tanah air  sukses merengkuh g "
"728","persiapan event internasional  terancam  optimal  kurangnya likuiditas itdc akibat pandemi covid   "
"729","  ajang motogp    digelar   seri angka      motogp digelar "
"730","sirkuit mandalika layak  formula   fia "
"731","    gubernur tolol    penghargaan     ne "
"732","  semoga gak  komoditas politik ya    kalimat  lambat digelar  "
"733"," millennials  kepergok mencopet penonton wsbk  sirkuit mandalika rekam jejak ayahibuanak kriminal  unik  ter"
"734","  semoga gak  komoditas politik ya    kalimat  lambat digelar  "
"735"," sirkuit mandalika  berbenah  penuhi persyaratan motogp "
"736"," sirkuit mandalika  berbenah  penuhi persyaratan motogp "
"737"," masuk  kalender balap world superbike wsbk   digelar   november  sirkuit man "
"738","  semoga gak  komoditas politik ya    kalimat  lambat digelar  "
"739","sirkuit mandalika  berbenah  penuhi persyaratan motogp "
"740","    sirkuit mandalika yg  viral ya vidio lucu  kusus  anis yg kenak prenk "
"741","penuhi syarat homologasi motogp  sirkuit mandalika  berbenah  "
"742","sirkuit mandalika  berbenah  penuhi persyaratan motogp  "
"743","    sirkuit internasional kebanggaan indonesia   nama resmi  pertamina mandalika internasional street"
"744"," jalan bypass penghubung bandara  sirkuit mandalika dibongkar warga "
"745","sirkuit mandalika  berbenah  penuhi persyaratan motogp "
"746"," sirkuit mandalika  berbenah  penuhi persyaratan motogp "
"747","sirkuit mandalika  berbenah  penuhi persyaratan motogp "
"748","kejar homologasi motogp kelengkapan sirkuit mandalika dikebut "
"749","  semoga gak  komoditas politik ya    kalimat  lambat digelar  "
"750","mgpa  meningkatkan kelengkapan penyelenggaraan balapan  sarana  prasarana pendukung  memenuhi syar "
"751","masuk kalender motogp sirkuit mandalika  lakukanperbaikan "
"752"," jelang motogp  sirkuit mandalika  berbenah  penuhi syarat homologasi  "
"753"," jelang motogp  sirkuit mandalika  berbenah  penuhi syarat homologasi  "
"754"," jelang motogp  sirkuit mandalika  berbenah  penuhi syarat homologasi  "
"755"," jelang motogp  sirkuit mandalika  berbenah  penuhi syarat homologasi  "
"756","jelang motogp  sirkuit mandalika  berbenah  penuhi syarat homologasi  "
"757","sederet persiapan sirkuit mandalika jelang motogp  "
"758","sirkuit mandalika  berbenah  penuhi syarat homologasi motogp "
"759"," sirkuit mandalika   tuan rumah penyelenggaraan ajang balap kelas dunia formula   dinyatakan layak  f"
"760"," ajang motogp    digelar   seri angka      motogp digel "
"761"," ajang motogp    digelar   seri angka      motogp digel "
"762"," millennials  kepergok mencopet penonton wsbk  sirkuit mandalika rekam jejak ayahibuanak kriminal  unik  ter"
"763"," sirkuit mandalika   tuan rumah penyelenggaraan ajang balap kelas dunia formula   dinyatakan layak  f"
"764"," sirkuit mandalika   tuan rumah penyelenggaraan ajang balap kelas dunia formula   dinyatakan layak  f"
"765"," sirkuit mandalika   tuan rumah penyelenggaraan ajang balap kelas dunia formula   dinyatakan layak  f"
"766"," sirkuit mandalika   tuan rumah penyelenggaraan ajang balap kelas dunia formula   dinyatakan layak  f"
"767"," sirkuit mandalika   tuan rumah penyelenggaraan ajang balap kelas dunia formula   dinyatakan layak  f"
"768"," kukira sirkuit mandalika taunya sirkuit twitter"
"769","  ajang motogp    digelar   seri angka      motogp digelar "
"770","  semoga gak  komoditas politik ya    kalimat  lambat digelar  "
"771"," ajang motogp    digelar   seri angka      motogp digel "
"772","  semoga gak  komoditas politik ya    kalimat  lambat digelar  "
"773","        tanggapan   perampasan tanah raky "
"774","  semoga gak  komoditas politik ya    kalimat  lambat digelar  "
"775"," sirkuit mandalika   tuan rumah penyelenggaraan ajang balap kelas dunia formula   dinyatakan layak  f"
"776"," semoga gak  komoditas politik ya    kalimat  lambat digelar  "
"777"," sirkuit mandalika   tuan rumah penyelenggaraan ajang balap kelas dunia formula   dinyatakan layak  f"
"778","sirkuit mandalika   tuan rumah penyelenggaraan ajang balap kelas dunia formula   dinyatakan laya "
"779","sirkuit mandalika layak  formula   fia    sirkuit mandalika  nusa tenggara barat  menj "
"780","sirkuit mandalika  berbenah penuhi syarat homologasi motogp "
"781","sirkuit mandalika  berbenah  penuhi syarat homologasi motogp "
"782","sirkuit mandalika layak  formula   fia "
"783","irjen fadil imran  mudahmudahan  lahir pembalap motogp  event    polda metro jaya mandalika "
"784"," disukai pebalap sirkuit mandalika  jerez  assen "
"785","disukai pebalap sirkuit mandalika  jerez  assen "
"786","jelang tes pramusim motogp itdc benahi fasilitas pendukung sirkuit mandalika  "
"787","tatap motogp  wsbk  sirkuit mandalika kejar homologasi "
"788","itdcmgpa  fokus bangun fasilitas pendukung sirkuit mandalika   "
"789"," nunggu race aja     belom jadwal race nya   sirkuit  kali aja mand "
"790"," kualitas event  ditingkatkan "
"791","kualitas event  ditingkatkan "
"792","bupati wsbk pengalaman  menyambut motogp sirkuit mandalika "
"793","sirkuit mandalika "
"794"," yg jaket habis peresmian sirkuit mandalika  langsung  yg pesan  mi pakde emang selera nya bagus sih "
"795"," fabio quarararo  maverick vinales gak sabar balapan  sirkuit mandalika indonesia "
"796","bupati wsbk pengalaman  menyambut motogp sirkuit mandalika "
"797","fabio quarararo  maverick vinales gak sabar balapan  sirkuit mandalika indonesia "
"798","  salah  bentuk kepuasan masyarakat  kinerja jokowi jalan bypass  sirkuit mandalika "
"799"," formula e  hrs  amdalnya  tdk bs dilepaskam dr sirkuit mandalika spy gak mubazir  keslaahan "
"800","ajang wolrd superbike wsbk  sirkuit mandalikayang  digelar  dijadikan  pengalaman  ajang "
"801","jadwal motogp  terbaru gp indonesia  sirkuit mandalika  seri   gp qatar  "
